ts,place,k,dist,esp,seed,alpha,beta,gamma,road_type_version,lane_weight_version,cut_edge_count,cut_edge_weight_sum,total_weight,cut_ratio,png_path,json_path,run_seconds
"Karlsruhe, Germany",all_1,all_1,6,61,118.2760383299767,16806.774129476693,0.5,0.5,0.5,0.0070
2025-08-18T15:36:19,"Karlsruhe, Germany",6,5000,0.5,0.5,0.5,all_1,all_1,,,,,,,14.74
"Karlsruhe, Germany",all_1,all_1,6,61,118.2760383299767,16806.774129476693,0.5,0.5,0.5,0.0070
2025-08-18T15:44:16,"Karlsruhe, Germany",6,5000,0.5,0.5,0.5,all_1,all_1,,,,,,,8.25
"Karlsruhe, Germany",all_1,all_1,6,62,178.9876320477236,27951.548258953382,0.5,0.5,1.0,0.0064
2025-08-18T15:44:24,"Karlsruhe, Germany",6,5000,0.5,0.5,1.0,all_1,all_1,,,,,,,7.81
"Karlsruhe, Germany",all_1,all_1,6,70,321.3523332679335,49332.3828440958,0.5,0.5,2.0,0.0065
2025-08-18T15:44:32,"Karlsruhe, Germany",6,5000,0.5,0.5,2.0,all_1,all_1,,,,,,,7.77
"Karlsruhe, Germany",all_1,all_1,6,61,149.99329159147553,19637.774129476693,0.5,1.0,0.5,0.0076
2025-08-18T15:44:39,"Karlsruhe, Germany",6,5000,0.5,1.0,0.5,all_1,all_1,,,,,,,7.61
"Karlsruhe, Germany",all_1,all_1,6,60,205.42241462499408,30782.548258953382,0.5,1.0,1.0,0.0067
2025-08-18T15:44:47,"Karlsruhe, Germany",6,5000,0.5,1.0,1.0,all_1,all_1,,,,,,,7.93
"Karlsruhe, Germany",all_1,all_1,6,67,354.69130005429275,51064.147766622154,0.5,1.0,2.0,0.0069
2025-08-18T15:44:55,"Karlsruhe, Germany",6,5000,0.5,1.0,2.0,all_1,all_1,,,,,,,7.62
"Karlsruhe, Germany",all_1,all_1,6,58,209.27895862686748,25299.774129476693,0.5,2.0,0.5,0.0083
2025-08-18T15:45:03,"Karlsruhe, Germany",6,5000,0.5,2.0,0.5,all_1,all_1,,,,,,,7.75
"Karlsruhe, Germany",all_1,all_1,6,64,305.48644637044964,36444.548258953386,0.5,2.0,1.0,0.0084
2025-08-18T15:45:10,"Karlsruhe, Germany",6,5000,0.5,2.0,1.0,all_1,all_1,,,,,,,7.58
"Karlsruhe, Germany",all_1,all_1,6,63,385.253242743189,53387.39219788115,0.5,2.0,2.0,0.0072
2025-08-18T15:45:18,"Karlsruhe, Germany",6,5000,0.5,2.0,2.0,all_1,all_1,,,,,,,7.63
"Karlsruhe, Germany",all_1,all_1,6,61,149.99329159147553,19637.774129476693,1.0,0.5,0.5,0.0076
2025-08-18T15:45:26,"Karlsruhe, Germany",6,5000,1.0,0.5,0.5,all_1,all_1,,,,,,,7.67
"Karlsruhe, Germany",all_1,all_1,6,60,205.42241462499408,30782.548258953382,1.0,0.5,1.0,0.0067
2025-08-18T15:45:33,"Karlsruhe, Germany",6,5000,1.0,0.5,1.0,all_1,all_1,,,,,,,7.65
"Karlsruhe, Germany",all_1,all_1,6,67,354.69130005429275,51064.147766622154,1.0,0.5,2.0,0.0069
2025-08-18T15:45:41,"Karlsruhe, Germany",6,5000,1.0,0.5,2.0,all_1,all_1,,,,,,,7.85
"Karlsruhe, Germany",all_1,all_1,6,67,213.56933157529534,22468.774129476693,1.0,1.0,0.5,0.0095
2025-08-18T15:45:49,"Karlsruhe, Germany",6,5000,1.0,1.0,0.5,all_1,all_1,,,,,,,7.60
"Karlsruhe, Germany",all_1,all_1,6,68,269.3782215650049,33613.548258953386,1.0,1.0,1.0,0.0080
2025-08-18T15:45:56,"Karlsruhe, Germany",6,5000,1.0,1.0,1.0,all_1,all_1,,,,,,,7.65
"Karlsruhe, Germany",all_1,all_1,6,60,373.344133378005,52381.32992733562,1.0,1.0,2.0,0.0071
2025-08-18T15:46:04,"Karlsruhe, Germany",6,5000,1.0,1.0,2.0,all_1,all_1,,,,,,,7.60
"Karlsruhe, Germany",all_1,all_1,6,60,238.57357034092212,28130.774129476693,1.0,2.0,0.5,0.0085
2025-08-18T15:46:12,"Karlsruhe, Germany",6,5000,1.0,2.0,0.5,all_1,all_1,,,,,,,7.67
"Karlsruhe, Germany",all_1,all_1,6,64,316.48320814249354,39275.548258953386,1.0,2.0,1.0,0.0081
2025-08-18T15:46:19,"Karlsruhe, Germany",6,5000,1.0,2.0,1.0,all_1,all_1,,,,,,,7.70
"Karlsruhe, Germany",all_1,all_1,6,67,454.42134032744724,54151.453642572276,1.0,2.0,2.0,0.0084
2025-08-18T15:46:27,"Karlsruhe, Germany",6,5000,1.0,2.0,2.0,all_1,all_1,,,,,,,7.58
"Karlsruhe, Germany",all_1,all_1,6,58,209.27895862686748,25299.774129476693,2.0,0.5,0.5,0.0083
2025-08-18T15:46:35,"Karlsruhe, Germany",6,5000,2.0,0.5,0.5,all_1,all_1,,,,,,,7.58
"Karlsruhe, Germany",all_1,all_1,6,64,305.48644637044964,36444.548258953386,2.0,0.5,1.0,0.0084
2025-08-18T15:46:42,"Karlsruhe, Germany",6,5000,2.0,0.5,1.0,all_1,all_1,,,,,,,7.73
"Karlsruhe, Germany",all_1,all_1,6,63,385.253242743189,53387.39219788115,2.0,0.5,2.0,0.0072
2025-08-18T15:46:50,"Karlsruhe, Germany",6,5000,2.0,0.5,2.0,all_1,all_1,,,,,,,7.61
"Karlsruhe, Germany",all_1,all_1,6,60,238.57357034092212,28130.774129476693,2.0,1.0,0.5,0.0085
2025-08-18T15:46:58,"Karlsruhe, Germany",6,5000,2.0,1.0,0.5,all_1,all_1,,,,,,,7.61
"Karlsruhe, Germany",all_1,all_1,6,64,316.48320814249354,39275.548258953386,2.0,1.0,1.0,0.0081
2025-08-18T15:47:05,"Karlsruhe, Germany",6,5000,2.0,1.0,1.0,all_1,all_1,,,,,,,7.59
"Karlsruhe, Germany",all_1,all_1,6,67,454.42134032744724,54151.453642572276,2.0,1.0,2.0,0.0084
2025-08-18T15:47:13,"Karlsruhe, Germany",6,5000,2.0,1.0,2.0,all_1,all_1,,,,,,,7.57
"Karlsruhe, Germany",all_1,all_1,6,60,300.04230675817166,33792.77412947669,2.0,2.0,0.5,0.0089
2025-08-18T15:47:20,"Karlsruhe, Germany",6,5000,2.0,2.0,0.5,all_1,all_1,,,,,,,7.70
"Karlsruhe, Germany",all_1,all_1,6,61,380.41375917944805,44937.548258953386,2.0,2.0,1.0,0.0085
2025-08-18T15:47:28,"Karlsruhe, Germany",6,5000,2.0,2.0,1.0,all_1,all_1,,,,,,,7.62
"Karlsruhe, Germany",all_1,all_1,6,62,465.11886532585015,55188.49502077994,2.0,2.0,2.0,0.0084
2025-08-18T15:47:36,"Karlsruhe, Germany",6,5000,2.0,2.0,2.0,all_1,all_1,,,,,,,7.62
"Karlsruhe, Germany",all_1,more_lanes_heavier,6,66,138.88618093765842,17581.774129476693,0.5,0.5,0.5,0.0079
2025-08-18T15:47:44,"Karlsruhe, Germany",6,5000,0.5,0.5,0.5,all_1,more_lanes_heavier,,,,,,,7.97
"Karlsruhe, Germany",all_1,more_lanes_heavier,6,65,204.44930452084807,28726.548258953382,0.5,0.5,1.0,0.0071
2025-08-18T15:47:51,"Karlsruhe, Germany",6,5000,0.5,0.5,1.0,all_1,more_lanes_heavier,,,,,,,7.61
"Karlsruhe, Germany",all_1,more_lanes_heavier,6,64,301.7984293930738,49651.27172907752,0.5,0.5,2.0,0.0061
2025-08-18T15:47:59,"Karlsruhe, Germany",6,5000,0.5,0.5,2.0,all_1,more_lanes_heavier,,,,,,,7.66
"Karlsruhe, Germany",all_1,more_lanes_heavier,6,62,160.2744223037021,21187.774129476693,0.5,1.0,0.5,0.0076
2025-08-18T15:48:06,"Karlsruhe, Germany",6,5000,0.5,1.0,0.5,all_1,more_lanes_heavier,,,,,,,7.58
"Karlsruhe, Germany",all_1,more_lanes_heavier,6,66,258.62771602662434,32332.294547673562,0.5,1.0,1.0,0.0080
2025-08-18T15:48:14,"Karlsruhe, Germany",6,5000,0.5,1.0,1.0,all_1,more_lanes_heavier,,,,,,,7.67
"Karlsruhe, Germany",all_1,more_lanes_heavier,6,63,330.31147689653386,51506.75655933794,0.5,1.0,2.0,0.0064
2025-08-18T15:48:22,"Karlsruhe, Germany",6,5000,0.5,1.0,2.0,all_1,more_lanes_heavier,,,,,,,7.64
"Karlsruhe, Germany",all_1,more_lanes_heavier,6,70,264.31691553186715,28360.852950111243,0.5,2.0,0.5,0.0093
2025-08-18T15:48:29,"Karlsruhe, Germany",6,5000,0.5,2.0,0.5,all_1,more_lanes_heavier,,,,,,,7.64
"Karlsruhe, Germany",all_1,more_lanes_heavier,6,65,311.97952735866835,39175.40084935726,0.5,2.0,1.0,0.0080
2025-08-18T15:48:37,"Karlsruhe, Germany",6,5000,0.5,2.0,1.0,all_1,more_lanes_heavier,,,,,,,7.64
"Karlsruhe, Germany",all_1,more_lanes_heavier,6,62,440.76664161154537,53841.86573486472,0.5,2.0,2.0,0.0082
2025-08-18T15:48:45,"Karlsruhe, Germany",6,5000,0.5,2.0,2.0,all_1,more_lanes_heavier,,,,,,,7.98
"Karlsruhe, Germany",all_1,more_lanes_heavier,6,68,169.96584806956383,20412.774129476693,1.0,0.5,0.5,0.0083
2025-08-18T15:48:53,"Karlsruhe, Germany",6,5000,1.0,0.5,0.5,all_1,more_lanes_heavier,,,,,,,7.62
"Karlsruhe, Germany",all_1,more_lanes_heavier,6,68,244.57337755101463,31557.548258953382,1.0,0.5,1.0,0.0078
2025-08-18T15:49:00,"Karlsruhe, Germany",6,5000,1.0,0.5,1.0,all_1,more_lanes_heavier,,,,,,,7.69
"Karlsruhe, Germany",all_1,more_lanes_heavier,6,60,348.22053832040297,51313.34277198449,1.0,0.5,2.0,0.0068
2025-08-18T15:49:08,"Karlsruhe, Germany",6,5000,1.0,0.5,2.0,all_1,more_lanes_heavier,,,,,,,7.72
"Karlsruhe, Germany",all_1,more_lanes_heavier,6,60,187.84432534820934,24018.774129476693,1.0,1.0,0.5,0.0078
2025-08-18T15:49:16,"Karlsruhe, Germany",6,5000,1.0,1.0,0.5,all_1,more_lanes_heavier,,,,,,,7.67
"Karlsruhe, Germany",all_1,more_lanes_heavier,6,62,245.8859161765973,35162.29454767356,1.0,1.0,1.0,0.0070
2025-08-18T15:49:23,"Karlsruhe, Germany",6,5000,1.0,1.0,1.0,all_1,more_lanes_heavier,,,,,,,7.73
"Karlsruhe, Germany",all_1,more_lanes_heavier,6,64,377.46535168432064,52736.846331721405,1.0,1.0,2.0,0.0072
2025-08-18T15:49:31,"Karlsruhe, Germany",6,5000,1.0,1.0,2.0,all_1,more_lanes_heavier,,,,,,,7.62
"Karlsruhe, Germany",all_1,more_lanes_heavier,6,65,299.33965045907627,31168.281027312758,1.0,2.0,0.5,0.0096
2025-08-18T15:49:39,"Karlsruhe, Germany",6,5000,1.0,2.0,0.5,all_1,more_lanes_heavier,,,,,,,7.58
"Karlsruhe, Germany",all_1,more_lanes_heavier,6,62,317.5149419083725,41878.31345065609,1.0,2.0,1.0,0.0076
2025-08-18T15:49:47,"Karlsruhe, Germany",6,5000,1.0,2.0,1.0,all_1,more_lanes_heavier,,,,,,,7.90
"Karlsruhe, Germany",all_1,more_lanes_heavier,6,58,451.1225264195535,54526.63501034235,1.0,2.0,2.0,0.0083
2025-08-18T15:49:54,"Karlsruhe, Germany",6,5000,1.0,2.0,2.0,all_1,more_lanes_heavier,,,,,,,7.72
"Karlsruhe, Germany",all_1,more_lanes_heavier,6,67,243.9747325154866,26074.774129476693,2.0,0.5,0.5,0.0094
2025-08-18T15:50:02,"Karlsruhe, Germany",6,5000,2.0,0.5,0.5,all_1,more_lanes_heavier,,,,,,,7.68
"Karlsruhe, Germany",all_1,more_lanes_heavier,6,60,269.52859717120685,37219.548258953386,2.0,0.5,1.0,0.0072
2025-08-18T15:50:10,"Karlsruhe, Germany",6,5000,2.0,0.5,1.0,all_1,more_lanes_heavier,,,,,,,7.72
"Karlsruhe, Germany",all_1,more_lanes_heavier,6,68,458.12017148904994,53547.813406525245,2.0,0.5,2.0,0.0086
2025-08-18T15:50:17,"Karlsruhe, Germany",6,5000,2.0,0.5,2.0,all_1,more_lanes_heavier,,,,,,,7.63
"Karlsruhe, Germany",all_1,more_lanes_heavier,6,67,288.4739052782475,29680.774129476693,2.0,1.0,0.5,0.0097
2025-08-18T15:50:25,"Karlsruhe, Germany",6,5000,2.0,1.0,0.5,all_1,more_lanes_heavier,,,,,,,7.71
"Karlsruhe, Germany",all_1,more_lanes_heavier,6,62,311.97596631145024,40796.34764153258,2.0,1.0,1.0,0.0076
2025-08-18T15:50:33,"Karlsruhe, Germany",6,5000,2.0,1.0,1.0,all_1,more_lanes_heavier,,,,,,,7.61
"Karlsruhe, Germany",all_1,more_lanes_heavier,6,63,422.3155038452995,54378.976952818746,2.0,1.0,2.0,0.0078
2025-08-18T15:50:40,"Karlsruhe, Germany",6,5000,2.0,1.0,2.0,all_1,more_lanes_heavier,,,,,,,7.55
"Karlsruhe, Germany",all_1,more_lanes_heavier,6,64,340.60178846080424,36717.80838790045,2.0,2.0,0.5,0.0093
2025-08-18T15:50:48,"Karlsruhe, Germany",6,5000,2.0,2.0,0.5,all_1,more_lanes_heavier,,,,,,,8.08
"Karlsruhe, Germany",all_1,more_lanes_heavier,6,63,409.6260067390216,46915.545453880884,2.0,2.0,1.0,0.0087
2025-08-18T15:50:56,"Karlsruhe, Germany",6,5000,2.0,2.0,1.0,all_1,more_lanes_heavier,,,,,,,7.54
"Karlsruhe, Germany",all_1,more_lanes_heavier,6,60,497.8753275874856,55452.88628772396,2.0,2.0,2.0,0.0090
2025-08-18T15:51:03,"Karlsruhe, Germany",6,5000,2.0,2.0,2.0,all_1,more_lanes_heavier,,,,,,,7.59
"Karlsruhe, Germany",all_1,all_1,6,55,118791.0,16806757,0.5,0.5,0.5,0.0071
2025-08-18T16:23:49,"Karlsruhe, Germany",6,5000,0.5,0.5,0.5,all_1,all_1,,,,,,,8.38
"Karlsruhe, Germany",all_1,all_1,6,61,174308.0,27951582,0.5,0.5,1.0,0.0062
2025-08-18T16:23:57,"Karlsruhe, Germany",6,5000,0.5,0.5,1.0,all_1,all_1,,,,,,,7.72
"Karlsruhe, Germany",all_1,all_1,6,66,307696.0,49332412,0.5,0.5,2.0,0.0062
2025-08-18T16:24:05,"Karlsruhe, Germany",6,5000,0.5,0.5,2.0,all_1,all_1,,,,,,,7.75
"Karlsruhe, Germany",all_1,all_1,6,60,149933.0,19637757,0.5,1.0,0.5,0.0076
2025-08-18T16:24:12,"Karlsruhe, Germany",6,5000,0.5,1.0,0.5,all_1,all_1,,,,,,,7.70
"Karlsruhe, Germany",all_1,all_1,6,60,201763.0,30782582,0.5,1.0,1.0,0.0066
2025-08-18T16:24:20,"Karlsruhe, Germany",6,5000,0.5,1.0,1.0,all_1,all_1,,,,,,,7.77
"Karlsruhe, Germany",all_1,all_1,6,66,354552.0,51064167,0.5,1.0,2.0,0.0069
2025-08-18T16:24:28,"Karlsruhe, Germany",6,5000,0.5,1.0,2.0,all_1,all_1,,,,,,,7.77
"Karlsruhe, Germany",all_1,all_1,6,57,206290.0,25299757,0.5,2.0,0.5,0.0082
2025-08-18T16:24:36,"Karlsruhe, Germany",6,5000,0.5,2.0,0.5,all_1,all_1,,,,,,,7.70
"Karlsruhe, Germany",all_1,all_1,6,58,269258.0,36444582,0.5,2.0,1.0,0.0074
2025-08-18T16:24:43,"Karlsruhe, Germany",6,5000,0.5,2.0,1.0,all_1,all_1,,,,,,,7.67
"Karlsruhe, Germany",all_1,all_1,6,65,401503.0,53387408,0.5,2.0,2.0,0.0075
2025-08-18T16:24:51,"Karlsruhe, Germany",6,5000,0.5,2.0,2.0,all_1,all_1,,,,,,,8.16
"Karlsruhe, Germany",all_1,all_1,6,60,149933.0,19637757,1.0,0.5,0.5,0.0076
2025-08-18T16:24:59,"Karlsruhe, Germany",6,5000,1.0,0.5,0.5,all_1,all_1,,,,,,,7.77
"Karlsruhe, Germany",all_1,all_1,6,60,201763.0,30782582,1.0,0.5,1.0,0.0066
2025-08-18T16:25:07,"Karlsruhe, Germany",6,5000,1.0,0.5,1.0,all_1,all_1,,,,,,,7.78
"Karlsruhe, Germany",all_1,all_1,6,66,354552.0,51064167,1.0,0.5,2.0,0.0069
2025-08-18T16:25:15,"Karlsruhe, Germany",6,5000,1.0,0.5,2.0,all_1,all_1,,,,,,,7.60
"Karlsruhe, Germany",all_1,all_1,6,58,179049.0,22468757,1.0,1.0,0.5,0.0080
2025-08-18T16:25:22,"Karlsruhe, Germany",6,5000,1.0,1.0,0.5,all_1,all_1,,,,,,,7.68
"Karlsruhe, Germany",all_1,all_1,6,60,235920.0,33613582,1.0,1.0,1.0,0.0070
2025-08-18T16:25:30,"Karlsruhe, Germany",6,5000,1.0,1.0,1.0,all_1,all_1,,,,,,,7.79
"Karlsruhe, Germany",all_1,all_1,6,63,398521.0,52381344,1.0,1.0,2.0,0.0076
2025-08-18T16:25:38,"Karlsruhe, Germany",6,5000,1.0,1.0,2.0,all_1,all_1,,,,,,,7.73
"Karlsruhe, Germany",all_1,all_1,6,61,246114.0,28130757,1.0,2.0,0.5,0.0087
2025-08-18T16:25:46,"Karlsruhe, Germany",6,5000,1.0,2.0,0.5,all_1,all_1,,,,,,,7.72
"Karlsruhe, Germany",all_1,all_1,6,62,319458.0,39275582,1.0,2.0,1.0,0.0081
2025-08-18T16:25:54,"Karlsruhe, Germany",6,5000,1.0,2.0,1.0,all_1,all_1,,,,,,,8.20
"Karlsruhe, Germany",all_1,all_1,6,63,433286.0,54151468,1.0,2.0,2.0,0.0080
2025-08-18T16:26:02,"Karlsruhe, Germany",6,5000,1.0,2.0,2.0,all_1,all_1,,,,,,,7.79
"Karlsruhe, Germany",all_1,all_1,6,57,206290.0,25299757,2.0,0.5,0.5,0.0082
2025-08-18T16:26:09,"Karlsruhe, Germany",6,5000,2.0,0.5,0.5,all_1,all_1,,,,,,,7.75
"Karlsruhe, Germany",all_1,all_1,6,58,269258.0,36444582,2.0,0.5,1.0,0.0074
2025-08-18T16:26:17,"Karlsruhe, Germany",6,5000,2.0,0.5,1.0,all_1,all_1,,,,,,,7.70
"Karlsruhe, Germany",all_1,all_1,6,65,401503.0,53387408,2.0,0.5,2.0,0.0075
2025-08-18T16:26:25,"Karlsruhe, Germany",6,5000,2.0,0.5,2.0,all_1,all_1,,,,,,,7.68
"Karlsruhe, Germany",all_1,all_1,6,61,246114.0,28130757,2.0,1.0,0.5,0.0087
2025-08-18T16:26:32,"Karlsruhe, Germany",6,5000,2.0,1.0,0.5,all_1,all_1,,,,,,,7.72
"Karlsruhe, Germany",all_1,all_1,6,62,319458.0,39275582,2.0,1.0,1.0,0.0081
2025-08-18T16:26:40,"Karlsruhe, Germany",6,5000,2.0,1.0,1.0,all_1,all_1,,,,,,,7.72
"Karlsruhe, Germany",all_1,all_1,6,63,433286.0,54151468,2.0,1.0,2.0,0.0080
2025-08-18T16:26:48,"Karlsruhe, Germany",6,5000,2.0,1.0,2.0,all_1,all_1,,,,,,,7.86
"Karlsruhe, Germany",all_1,all_1,6,60,309458.0,33792757,2.0,2.0,0.5,0.0092
2025-08-18T16:26:56,"Karlsruhe, Germany",6,5000,2.0,2.0,0.5,all_1,all_1,,,,,,,8.13
"Karlsruhe, Germany",all_1,all_1,6,62,368688.0,44937582,2.0,2.0,1.0,0.0082
2025-08-18T16:27:04,"Karlsruhe, Germany",6,5000,2.0,2.0,1.0,all_1,all_1,,,,,,,7.64
"Karlsruhe, Germany",all_1,all_1,6,65,497254.0,55188508,2.0,2.0,2.0,0.0090
2025-08-18T16:27:11,"Karlsruhe, Germany",6,5000,2.0,2.0,2.0,all_1,all_1,,,,,,,7.68
"Karlsruhe, Germany",all_1,more_lanes_heavier,6,60,121992.0,17581757,0.5,0.5,0.5,0.0069
2025-08-18T16:27:19,"Karlsruhe, Germany",6,5000,0.5,0.5,0.5,all_1,more_lanes_heavier,,,,,,,7.72
"Karlsruhe, Germany",all_1,more_lanes_heavier,6,63,201614.0,28726582,0.5,0.5,1.0,0.0070
2025-08-18T16:27:27,"Karlsruhe, Germany",6,5000,0.5,0.5,1.0,all_1,more_lanes_heavier,,,,,,,7.70
"Karlsruhe, Germany",all_1,more_lanes_heavier,6,63,298341.0,49651301,0.5,0.5,2.0,0.0060
2025-08-18T16:27:34,"Karlsruhe, Germany",6,5000,0.5,0.5,2.0,all_1,more_lanes_heavier,,,,,,,7.61
"Karlsruhe, Germany",all_1,more_lanes_heavier,6,63,175469.0,21187757,0.5,1.0,0.5,0.0083
2025-08-18T16:27:42,"Karlsruhe, Germany",6,5000,0.5,1.0,0.5,all_1,more_lanes_heavier,,,,,,,7.77
"Karlsruhe, Germany",all_1,more_lanes_heavier,6,67,247775.0,32332328,0.5,1.0,1.0,0.0077
2025-08-18T16:27:50,"Karlsruhe, Germany",6,5000,0.5,1.0,1.0,all_1,more_lanes_heavier,,,,,,,7.69
"Karlsruhe, Germany",all_1,more_lanes_heavier,6,56,354434.0,51506769,0.5,1.0,2.0,0.0069
2025-08-18T16:27:58,"Karlsruhe, Germany",6,5000,0.5,1.0,2.0,all_1,more_lanes_heavier,,,,,,,8.12
"Karlsruhe, Germany",all_1,more_lanes_heavier,6,60,233090.0,28360838,0.5,2.0,0.5,0.0082
2025-08-18T16:28:06,"Karlsruhe, Germany",6,5000,0.5,2.0,0.5,all_1,more_lanes_heavier,,,,,,,7.75
"Karlsruhe, Germany",all_1,more_lanes_heavier,6,60,283829.0,39175433,0.5,2.0,1.0,0.0072
2025-08-18T16:28:14,"Karlsruhe, Germany",6,5000,0.5,2.0,1.0,all_1,more_lanes_heavier,,,,,,,7.73
"Karlsruhe, Germany",all_1,more_lanes_heavier,6,61,389626.0,53841883,0.5,2.0,2.0,0.0072
2025-08-18T16:28:21,"Karlsruhe, Germany",6,5000,0.5,2.0,2.0,all_1,more_lanes_heavier,,,,,,,7.67
"Karlsruhe, Germany",all_1,more_lanes_heavier,6,59,151838.0,20412757,1.0,0.5,0.5,0.0074
2025-08-18T16:28:29,"Karlsruhe, Germany",6,5000,1.0,0.5,0.5,all_1,more_lanes_heavier,,,,,,,7.57
"Karlsruhe, Germany",all_1,more_lanes_heavier,6,66,256060.0,31557582,1.0,0.5,1.0,0.0081
2025-08-18T16:28:36,"Karlsruhe, Germany",6,5000,1.0,0.5,1.0,all_1,more_lanes_heavier,,,,,,,7.67
"Karlsruhe, Germany",all_1,more_lanes_heavier,6,60,312269.0,51313361,1.0,0.5,2.0,0.0061
2025-08-18T16:28:44,"Karlsruhe, Germany",6,5000,1.0,0.5,2.0,all_1,more_lanes_heavier,,,,,,,7.76
"Karlsruhe, Germany",all_1,more_lanes_heavier,6,58,188404.0,24018757,1.0,1.0,0.5,0.0078
2025-08-18T16:28:52,"Karlsruhe, Germany",6,5000,1.0,1.0,0.5,all_1,more_lanes_heavier,,,,,,,7.67
"Karlsruhe, Germany",all_1,more_lanes_heavier,6,59,243089.0,35162328,1.0,1.0,1.0,0.0069
2025-08-18T16:29:00,"Karlsruhe, Germany",6,5000,1.0,1.0,1.0,all_1,more_lanes_heavier,,,,,,,8.42
"Karlsruhe, Germany",all_1,more_lanes_heavier,6,66,390515.0,52736854,1.0,1.0,2.0,0.0074
2025-08-18T16:29:08,"Karlsruhe, Germany",6,5000,1.0,1.0,2.0,all_1,more_lanes_heavier,,,,,,,7.73
"Karlsruhe, Germany",all_1,more_lanes_heavier,6,66,300893.0,31168265,1.0,2.0,0.5,0.0097
2025-08-18T16:29:16,"Karlsruhe, Germany",6,5000,1.0,2.0,0.5,all_1,more_lanes_heavier,,,,,,,7.73
"Karlsruhe, Germany",all_1,more_lanes_heavier,6,63,344334.0,41878345,1.0,2.0,1.0,0.0082
2025-08-18T16:29:23,"Karlsruhe, Germany",6,5000,1.0,2.0,1.0,all_1,more_lanes_heavier,,,,,,,7.73
"Karlsruhe, Germany",all_1,more_lanes_heavier,6,63,437076.0,54526651,1.0,2.0,2.0,0.0080
2025-08-18T16:29:31,"Karlsruhe, Germany",6,5000,1.0,2.0,2.0,all_1,more_lanes_heavier,,,,,,,7.66
"Karlsruhe, Germany",all_1,more_lanes_heavier,6,58,209707.0,26074757,2.0,0.5,0.5,0.0080
2025-08-18T16:29:39,"Karlsruhe, Germany",6,5000,2.0,0.5,0.5,all_1,more_lanes_heavier,,,,,,,7.69
"Karlsruhe, Germany",all_1,more_lanes_heavier,6,64,298652.0,37219582,2.0,0.5,1.0,0.0080
2025-08-18T16:29:47,"Karlsruhe, Germany",6,5000,2.0,0.5,1.0,all_1,more_lanes_heavier,,,,,,,7.88
"Karlsruhe, Germany",all_1,more_lanes_heavier,6,67,431341.0,53547828,2.0,0.5,2.0,0.0081
2025-08-18T16:29:54,"Karlsruhe, Germany",6,5000,2.0,0.5,2.0,all_1,more_lanes_heavier,,,,,,,7.73
"Karlsruhe, Germany",all_1,more_lanes_heavier,6,69,296524.0,29680757,2.0,1.0,0.5,0.0100
2025-08-18T16:30:03,"Karlsruhe, Germany",6,5000,2.0,1.0,0.5,all_1,more_lanes_heavier,,,,,,,8.29
"Karlsruhe, Germany",all_1,more_lanes_heavier,6,58,303406.0,40796378,2.0,1.0,1.0,0.0074
2025-08-18T16:30:11,"Karlsruhe, Germany",6,5000,2.0,1.0,1.0,all_1,more_lanes_heavier,,,,,,,7.82
"Karlsruhe, Germany",all_1,more_lanes_heavier,6,63,426761.0,54378991,2.0,1.0,2.0,0.0078
2025-08-18T16:30:18,"Karlsruhe, Germany",6,5000,2.0,1.0,2.0,all_1,more_lanes_heavier,,,,,,,7.60
"Karlsruhe, Germany",all_1,more_lanes_heavier,6,65,374635.0,36717789,2.0,2.0,0.5,0.0102
2025-08-18T16:30:26,"Karlsruhe, Germany",6,5000,2.0,2.0,0.5,all_1,more_lanes_heavier,,,,,,,7.82
"Karlsruhe, Germany",all_1,more_lanes_heavier,6,60,384850.0,46915560,2.0,2.0,1.0,0.0082
2025-08-18T16:30:34,"Karlsruhe, Germany",6,5000,2.0,2.0,1.0,all_1,more_lanes_heavier,,,,,,,7.74
"Karlsruhe, Germany",all_1,more_lanes_heavier,6,61,478282.0,55452900,2.0,2.0,2.0,0.0086
2025-08-18T16:30:41,"Karlsruhe, Germany",6,5000,2.0,2.0,2.0,all_1,more_lanes_heavier,,,,,,,7.70
"Karlsruhe, Germany",all_1,less_lanes_heavier,6,67,125478.0,16479197,0.5,0.5,0.5,0.0076
2025-08-18T16:30:49,"Karlsruhe, Germany",6,5000,0.5,0.5,0.5,all_1,less_lanes_heavier,,,,,,,7.70
"Karlsruhe, Germany",all_1,less_lanes_heavier,6,66,194606.0,27624033,0.5,0.5,1.0,0.0070
2025-08-18T16:30:57,"Karlsruhe, Germany",6,5000,0.5,0.5,1.0,all_1,less_lanes_heavier,,,,,,,7.65
"Karlsruhe, Germany",all_1,less_lanes_heavier,6,65,332765.0,49149519,0.5,0.5,2.0,0.0068
2025-08-18T16:31:05,"Karlsruhe, Germany",6,5000,0.5,0.5,2.0,all_1,less_lanes_heavier,,,,,,,8.12
"Karlsruhe, Germany",all_1,less_lanes_heavier,6,62,151202.0,18982658,0.5,1.0,0.5,0.0080
2025-08-18T16:31:13,"Karlsruhe, Germany",6,5000,0.5,1.0,0.5,all_1,less_lanes_heavier,,,,,,,7.70
"Karlsruhe, Germany",all_1,less_lanes_heavier,6,62,218632.0,30127482,0.5,1.0,1.0,0.0073
2025-08-18T16:31:20,"Karlsruhe, Germany",6,5000,0.5,1.0,1.0,all_1,less_lanes_heavier,,,,,,,7.70
"Karlsruhe, Germany",all_1,less_lanes_heavier,6,62,322028.0,50763425,0.5,1.0,2.0,0.0063
2025-08-18T16:31:28,"Karlsruhe, Germany",6,5000,0.5,1.0,2.0,all_1,less_lanes_heavier,,,,,,,7.61
"Karlsruhe, Germany",all_1,less_lanes_heavier,6,67,200876.0,23989547,0.5,2.0,0.5,0.0084
2025-08-18T16:31:36,"Karlsruhe, Germany",6,5000,0.5,2.0,0.5,all_1,less_lanes_heavier,,,,,,,7.66
"Karlsruhe, Germany",all_1,less_lanes_heavier,6,65,260021.0,35134383,0.5,2.0,1.0,0.0074
2025-08-18T16:31:43,"Karlsruhe, Germany",6,5000,0.5,2.0,1.0,all_1,less_lanes_heavier,,,,,,,7.76
"Karlsruhe, Germany",all_1,less_lanes_heavier,6,62,360714.0,52965303,0.5,2.0,2.0,0.0068
2025-08-18T16:31:51,"Karlsruhe, Germany",6,5000,0.5,2.0,2.0,all_1,less_lanes_heavier,,,,,,,7.62
"Karlsruhe, Germany",all_1,less_lanes_heavier,6,60,151552.0,19310197,1.0,0.5,0.5,0.0078
2025-08-18T16:31:59,"Karlsruhe, Germany",6,5000,1.0,0.5,0.5,all_1,less_lanes_heavier,,,,,,,7.75
"Karlsruhe, Germany",all_1,less_lanes_heavier,6,66,231480.0,30455033,1.0,0.5,1.0,0.0076
2025-08-18T16:32:07,"Karlsruhe, Germany",6,5000,1.0,0.5,1.0,all_1,less_lanes_heavier,,,,,,,7.93
"Karlsruhe, Germany",all_1,less_lanes_heavier,6,60,310433.0,50925333,1.0,0.5,2.0,0.0061
2025-08-18T16:32:14,"Karlsruhe, Germany",6,5000,1.0,0.5,2.0,all_1,less_lanes_heavier,,,,,,,7.62
"Karlsruhe, Germany",all_1,less_lanes_heavier,6,63,181179.0,21813658,1.0,1.0,0.5,0.0083
2025-08-18T16:32:22,"Karlsruhe, Germany",6,5000,1.0,1.0,0.5,all_1,less_lanes_heavier,,,,,,,7.66
"Karlsruhe, Germany",all_1,less_lanes_heavier,6,68,261171.0,32958482,1.0,1.0,1.0,0.0079
2025-08-18T16:32:30,"Karlsruhe, Germany",6,5000,1.0,1.0,1.0,all_1,less_lanes_heavier,,,,,,,7.66
"Karlsruhe, Germany",all_1,less_lanes_heavier,6,60,331361.0,52150411,1.0,1.0,2.0,0.0064
2025-08-18T16:32:37,"Karlsruhe, Germany",6,5000,1.0,1.0,2.0,all_1,less_lanes_heavier,,,,,,,7.68
"Karlsruhe, Germany",all_1,less_lanes_heavier,6,65,229164.0,26820547,1.0,2.0,0.5,0.0085
2025-08-18T16:32:45,"Karlsruhe, Germany",6,5000,1.0,2.0,0.5,all_1,less_lanes_heavier,,,,,,,7.60
"Karlsruhe, Germany",all_1,less_lanes_heavier,6,60,276348.0,37965383,1.0,2.0,1.0,0.0073
2025-08-18T16:32:53,"Karlsruhe, Germany",6,5000,1.0,2.0,1.0,all_1,less_lanes_heavier,,,,,,,7.65
"Karlsruhe, Germany",all_1,less_lanes_heavier,6,62,381722.0,53817471,1.0,2.0,2.0,0.0071
2025-08-18T16:33:00,"Karlsruhe, Germany",6,5000,1.0,2.0,2.0,all_1,less_lanes_heavier,,,,,,,7.76
"Karlsruhe, Germany",all_1,less_lanes_heavier,6,56,203266.0,24972197,2.0,0.5,0.5,0.0081
2025-08-18T16:33:09,"Karlsruhe, Germany",6,5000,2.0,0.5,0.5,all_1,less_lanes_heavier,,,,,,,8.20
"Karlsruhe, Germany",all_1,less_lanes_heavier,6,61,263619.0,36117033,2.0,0.5,1.0,0.0073
2025-08-18T16:33:16,"Karlsruhe, Germany",6,5000,2.0,0.5,1.0,all_1,less_lanes_heavier,,,,,,,7.70
"Karlsruhe, Germany",all_1,less_lanes_heavier,6,62,398150.0,53299630,2.0,0.5,2.0,0.0075
2025-08-18T16:33:24,"Karlsruhe, Germany",6,5000,2.0,0.5,2.0,all_1,less_lanes_heavier,,,,,,,7.74
"Karlsruhe, Germany",all_1,less_lanes_heavier,6,63,251251.0,27475658,2.0,1.0,0.5,0.0091
2025-08-18T16:33:32,"Karlsruhe, Germany",6,5000,2.0,1.0,0.5,all_1,less_lanes_heavier,,,,,,,7.79
"Karlsruhe, Germany",all_1,less_lanes_heavier,6,64,318966.0,38620482,2.0,1.0,1.0,0.0083
2025-08-18T16:33:40,"Karlsruhe, Germany",6,5000,2.0,1.0,1.0,all_1,less_lanes_heavier,,,,,,,7.76
"Karlsruhe, Germany",all_1,less_lanes_heavier,6,64,422056.0,54006143,2.0,1.0,2.0,0.0078
2025-08-18T16:33:47,"Karlsruhe, Germany",6,5000,2.0,1.0,2.0,all_1,less_lanes_heavier,,,,,,,7.60
"Karlsruhe, Germany",all_1,less_lanes_heavier,6,62,291854.0,32482547,2.0,2.0,0.5,0.0090
2025-08-18T16:33:55,"Karlsruhe, Germany",6,5000,2.0,2.0,0.5,all_1,less_lanes_heavier,,,,,,,7.81
"Karlsruhe, Germany",all_1,less_lanes_heavier,6,62,358397.0,43627383,2.0,2.0,1.0,0.0082
2025-08-18T16:34:03,"Karlsruhe, Germany",6,5000,2.0,2.0,1.0,all_1,less_lanes_heavier,,,,,,,7.65
"Karlsruhe, Germany",all_1,less_lanes_heavier,6,63,470414.0,54975544,2.0,2.0,2.0,0.0086
2025-08-18T16:34:11,"Karlsruhe, Germany",6,5000,2.0,2.0,2.0,all_1,less_lanes_heavier,,,,,,,8.27
"Karlsruhe, Germany",motorway1_rankup_1,all_1,6,59,209463.0,28559757,0.5,0.5,0.5,0.0073
2025-08-18T16:34:18,"Karlsruhe, Germany",6,5000,0.5,0.5,0.5,motorway1_rankup_1,all_1,,,,,,,7.64
"Karlsruhe, Germany",motorway1_rankup_1,all_1,6,64,275796.0,39704582,0.5,0.5,1.0,0.0069
2025-08-18T16:34:26,"Karlsruhe, Germany",6,5000,0.5,0.5,1.0,motorway1_rankup_1,all_1,,,,,,,7.58
"Karlsruhe, Germany",motorway1_rankup_1,all_1,6,59,366686.0,53950758,0.5,0.5,2.0,0.0068
2025-08-18T16:34:34,"Karlsruhe, Germany",6,5000,0.5,0.5,2.0,motorway1_rankup_1,all_1,,,,,,,7.71
"Karlsruhe, Germany",motorway1_rankup_1,all_1,6,61,248572.0,31390757,0.5,1.0,0.5,0.0079
2025-08-18T16:34:42,"Karlsruhe, Germany",6,5000,0.5,1.0,0.5,motorway1_rankup_1,all_1,,,,,,,7.77
"Karlsruhe, Germany",motorway1_rankup_1,all_1,6,65,331492.0,42522973,0.5,1.0,1.0,0.0078
2025-08-18T16:34:49,"Karlsruhe, Germany",6,5000,0.5,1.0,1.0,motorway1_rankup_1,all_1,,,,,,,7.69
"Karlsruhe, Germany",motorway1_rankup_1,all_1,6,67,481520.0,54515869,0.5,1.0,2.0,0.0088
2025-08-18T16:34:57,"Karlsruhe, Germany",6,5000,0.5,1.0,2.0,motorway1_rankup_1,all_1,,,,,,,7.64
"Karlsruhe, Germany",motorway1_rankup_1,all_1,6,59,300654.0,37052757,0.5,2.0,0.5,0.0081
2025-08-18T16:35:04,"Karlsruhe, Germany",6,5000,0.5,2.0,0.5,motorway1_rankup_1,all_1,,,,,,,7.58
"Karlsruhe, Germany",motorway1_rankup_1,all_1,6,61,361304.0,48088984,0.5,2.0,1.0,0.0075
2025-08-18T16:35:13,"Karlsruhe, Germany",6,5000,0.5,2.0,1.0,motorway1_rankup_1,all_1,,,,,,,8.26
"Karlsruhe, Germany",motorway1_rankup_1,all_1,6,63,491609.0,55317541,0.5,2.0,2.0,0.0089
2025-08-18T16:35:20,"Karlsruhe, Germany",6,5000,0.5,2.0,2.0,motorway1_rankup_1,all_1,,,,,,,7.63
"Karlsruhe, Germany",motorway1_rankup_1,all_1,6,63,323172.0,42946054,1.0,0.5,0.5,0.0075
2025-08-18T16:35:28,"Karlsruhe, Germany",6,5000,1.0,0.5,0.5,motorway1_rankup_1,all_1,,,,,,,7.86
"Karlsruhe, Germany",motorway1_rankup_1,all_1,6,67,439446.0,51536261,1.0,0.5,1.0,0.0085
2025-08-18T16:35:36,"Karlsruhe, Germany",6,5000,1.0,0.5,1.0,motorway1_rankup_1,all_1,,,,,,,7.67
"Karlsruhe, Germany",motorway1_rankup_1,all_1,6,68,534513.0,55470536,1.0,0.5,2.0,0.0096
2025-08-18T16:35:44,"Karlsruhe, Germany",6,5000,1.0,0.5,2.0,motorway1_rankup_1,all_1,,,,,,,7.74
"Karlsruhe, Germany",motorway1_rankup_1,all_1,6,58,354728.0,45671351,1.0,1.0,0.5,0.0078
2025-08-18T16:35:51,"Karlsruhe, Germany",6,5000,1.0,1.0,0.5,motorway1_rankup_1,all_1,,,,,,,7.75
"Karlsruhe, Germany",motorway1_rankup_1,all_1,6,65,459113.0,52744048,1.0,1.0,1.0,0.0087
2025-08-18T16:35:59,"Karlsruhe, Germany",6,5000,1.0,1.0,1.0,motorway1_rankup_1,all_1,,,,,,,7.68
"Karlsruhe, Germany",motorway1_rankup_1,all_1,6,64,524831.0,55690003,1.0,1.0,2.0,0.0094
2025-08-18T16:36:07,"Karlsruhe, Germany",6,5000,1.0,1.0,2.0,motorway1_rankup_1,all_1,,,,,,,7.63
"Karlsruhe, Germany",motorway1_rankup_1,all_1,6,66,475246.0,50565125,1.0,2.0,0.5,0.0094
2025-08-18T16:36:15,"Karlsruhe, Germany",6,5000,1.0,2.0,0.5,motorway1_rankup_1,all_1,,,,,,,8.27
"Karlsruhe, Germany",motorway1_rankup_1,all_1,6,55,437472.0,54392571,1.0,2.0,1.0,0.0080
2025-08-18T16:36:23,"Karlsruhe, Germany",6,5000,1.0,2.0,1.0,motorway1_rankup_1,all_1,,,,,,,7.67
"Karlsruhe, Germany",motorway1_rankup_1,all_1,6,64,565241.0,56024261,1.0,2.0,2.0,0.0101
2025-08-18T16:36:30,"Karlsruhe, Germany",6,5000,1.0,2.0,2.0,motorway1_rankup_1,all_1,,,,,,,7.59
"Karlsruhe, Germany",motorway1_rankup_1,all_1,6,57,470235.0,53642859,2.0,0.5,0.5,0.0088
2025-08-18T16:36:38,"Karlsruhe, Germany",6,5000,2.0,0.5,0.5,motorway1_rankup_1,all_1,,,,,,,7.66
"Karlsruhe, Germany",motorway1_rankup_1,all_1,6,62,560630.0,54968251,2.0,0.5,1.0,0.0102
2025-08-18T16:36:46,"Karlsruhe, Germany",6,5000,2.0,0.5,1.0,motorway1_rankup_1,all_1,,,,,,,7.62
"Karlsruhe, Germany",motorway1_rankup_1,all_1,6,68,636993.0,56145382,2.0,0.5,2.0,0.0113
2025-08-18T16:36:53,"Karlsruhe, Germany",6,5000,2.0,0.5,2.0,motorway1_rankup_1,all_1,,,,,,,7.72
"Karlsruhe, Germany",motorway1_rankup_1,all_1,6,65,572609.0,54104836,2.0,1.0,0.5,0.0106
2025-08-18T16:37:01,"Karlsruhe, Germany",6,5000,2.0,1.0,0.5,motorway1_rankup_1,all_1,,,,,,,7.58
"Karlsruhe, Germany",motorway1_rankup_1,all_1,6,67,618525.0,55240773,2.0,1.0,1.0,0.0112
2025-08-18T16:37:08,"Karlsruhe, Germany",6,5000,2.0,1.0,1.0,motorway1_rankup_1,all_1,,,,,,,7.61
"Karlsruhe, Germany",motorway1_rankup_1,all_1,6,64,602291.0,56229839,2.0,1.0,2.0,0.0107
2025-08-18T16:37:17,"Karlsruhe, Germany",6,5000,2.0,1.0,2.0,motorway1_rankup_1,all_1,,,,,,,8.14
"Karlsruhe, Germany",motorway1_rankup_1,all_1,6,61,562356.0,54886373,2.0,2.0,0.5,0.0102
2025-08-18T16:37:24,"Karlsruhe, Germany",6,5000,2.0,2.0,0.5,motorway1_rankup_1,all_1,,,,,,,7.63
"Karlsruhe, Germany",motorway1_rankup_1,all_1,6,63,594979.0,55724632,2.0,2.0,1.0,0.0107
2025-08-18T16:37:32,"Karlsruhe, Germany",6,5000,2.0,2.0,1.0,motorway1_rankup_1,all_1,,,,,,,7.60
"Karlsruhe, Germany",motorway1_rankup_1,all_1,6,66,654096.0,56373683,2.0,2.0,2.0,0.0116
2025-08-18T16:37:39,"Karlsruhe, Germany",6,5000,2.0,2.0,2.0,motorway1_rankup_1,all_1,,,,,,,7.67
"Karlsruhe, Germany",motorway1_rankup_1,more_lanes_heavier,6,57,221086.0,29334757,0.5,0.5,0.5,0.0075
2025-08-18T16:37:47,"Karlsruhe, Germany",6,5000,0.5,0.5,0.5,motorway1_rankup_1,more_lanes_heavier,,,,,,,7.67
"Karlsruhe, Germany",motorway1_rankup_1,more_lanes_heavier,6,67,313336.0,40477813,0.5,0.5,1.0,0.0077
2025-08-18T16:37:55,"Karlsruhe, Germany",6,5000,0.5,0.5,1.0,motorway1_rankup_1,more_lanes_heavier,,,,,,,7.70
"Karlsruhe, Germany",motorway1_rankup_1,more_lanes_heavier,6,64,390084.0,54110278,0.5,0.5,2.0,0.0072
2025-08-18T16:38:03,"Karlsruhe, Germany",6,5000,0.5,0.5,2.0,motorway1_rankup_1,more_lanes_heavier,,,,,,,7.67
"Karlsruhe, Germany",motorway1_rankup_1,more_lanes_heavier,6,66,288626.0,32940757,0.5,1.0,0.5,0.0088
2025-08-18T16:38:10,"Karlsruhe, Germany",6,5000,0.5,1.0,0.5,motorway1_rankup_1,more_lanes_heavier,,,,,,,7.90
"Karlsruhe, Germany",motorway1_rankup_1,more_lanes_heavier,6,61,319299.0,44017717,0.5,1.0,1.0,0.0073
2025-08-18T16:38:19,"Karlsruhe, Germany",6,5000,0.5,1.0,1.0,motorway1_rankup_1,more_lanes_heavier,,,,,,,8.18
"Karlsruhe, Germany",motorway1_rankup_1,more_lanes_heavier,6,61,479598.0,54759828,0.5,1.0,2.0,0.0088
2025-08-18T16:38:26,"Karlsruhe, Germany",6,5000,0.5,1.0,2.0,motorway1_rankup_1,more_lanes_heavier,,,,,,,7.70
"Karlsruhe, Germany",motorway1_rankup_1,more_lanes_heavier,6,67,369135.0,39969840,0.5,2.0,0.5,0.0092
2025-08-18T16:38:34,"Karlsruhe, Germany",6,5000,0.5,2.0,0.5,motorway1_rankup_1,more_lanes_heavier,,,,,,,7.75
"Karlsruhe, Germany",motorway1_rankup_1,more_lanes_heavier,6,65,422146.0,49970900,0.5,2.0,1.0,0.0084
2025-08-18T16:38:42,"Karlsruhe, Germany",6,5000,0.5,2.0,1.0,motorway1_rankup_1,more_lanes_heavier,,,,,,,7.58
"Karlsruhe, Germany",motorway1_rankup_1,more_lanes_heavier,6,60,489358.0,55600310,0.5,2.0,2.0,0.0088
2025-08-18T16:38:49,"Karlsruhe, Germany",6,5000,0.5,2.0,2.0,motorway1_rankup_1,more_lanes_heavier,,,,,,,7.77
"Karlsruhe, Germany",motorway1_rankup_1,more_lanes_heavier,6,58,332223.0,43706224,1.0,0.5,0.5,0.0076
2025-08-18T16:38:57,"Karlsruhe, Germany",6,5000,1.0,0.5,0.5,motorway1_rankup_1,more_lanes_heavier,,,,,,,7.78
"Karlsruhe, Germany",motorway1_rankup_1,more_lanes_heavier,6,63,416309.0,52105590,1.0,0.5,1.0,0.0080
2025-08-18T16:39:05,"Karlsruhe, Germany",6,5000,1.0,0.5,1.0,motorway1_rankup_1,more_lanes_heavier,,,,,,,7.78
"Karlsruhe, Germany",motorway1_rankup_1,more_lanes_heavier,6,67,541584.0,55562436,1.0,0.5,2.0,0.0097
2025-08-18T16:39:13,"Karlsruhe, Germany",6,5000,1.0,0.5,2.0,motorway1_rankup_1,more_lanes_heavier,,,,,,,7.75
"Karlsruhe, Germany",motorway1_rankup_1,more_lanes_heavier,6,67,412536.0,47113854,1.0,1.0,0.5,0.0088
2025-08-18T16:39:21,"Karlsruhe, Germany",6,5000,1.0,1.0,0.5,motorway1_rankup_1,more_lanes_heavier,,,,,,,8.07
"Karlsruhe, Germany",motorway1_rankup_1,more_lanes_heavier,6,64,453508.0,53498729,1.0,1.0,1.0,0.0085
2025-08-18T16:39:28,"Karlsruhe, Germany",6,5000,1.0,1.0,1.0,motorway1_rankup_1,more_lanes_heavier,,,,,,,7.63
"Karlsruhe, Germany",motorway1_rankup_1,more_lanes_heavier,6,64,545099.0,55828735,1.0,1.0,2.0,0.0098
2025-08-18T16:39:36,"Karlsruhe, Germany",6,5000,1.0,1.0,2.0,motorway1_rankup_1,more_lanes_heavier,,,,,,,7.64
"Karlsruhe, Germany",motorway1_rankup_1,more_lanes_heavier,6,61,472177.0,52446245,1.0,2.0,0.5,0.0090
2025-08-18T16:39:44,"Karlsruhe, Germany",6,5000,1.0,2.0,0.5,motorway1_rankup_1,more_lanes_heavier,,,,,,,7.72
"Karlsruhe, Germany",motorway1_rankup_1,more_lanes_heavier,6,59,486057.0,54980283,1.0,2.0,1.0,0.0088
2025-08-18T16:39:52,"Karlsruhe, Germany",6,5000,1.0,2.0,1.0,motorway1_rankup_1,more_lanes_heavier,,,,,,,7.77
"Karlsruhe, Germany",motorway1_rankup_1,more_lanes_heavier,6,62,573771.0,56168704,1.0,2.0,2.0,0.0102
2025-08-18T16:39:59,"Karlsruhe, Germany",6,5000,1.0,2.0,2.0,motorway1_rankup_1,more_lanes_heavier,,,,,,,7.71
"Karlsruhe, Germany",motorway1_rankup_1,more_lanes_heavier,6,60,527035.0,53931380,2.0,0.5,0.5,0.0098
2025-08-18T16:40:07,"Karlsruhe, Germany",6,5000,2.0,0.5,0.5,motorway1_rankup_1,more_lanes_heavier,,,,,,,7.67
"Karlsruhe, Germany",motorway1_rankup_1,more_lanes_heavier,6,64,575195.0,55077106,2.0,0.5,1.0,0.0104
2025-08-18T16:40:15,"Karlsruhe, Germany",6,5000,2.0,0.5,1.0,motorway1_rankup_1,more_lanes_heavier,,,,,,,7.70
"Karlsruhe, Germany",motorway1_rankup_1,more_lanes_heavier,6,65,618308.0,56178617,2.0,0.5,2.0,0.0110
2025-08-18T16:40:23,"Karlsruhe, Germany",6,5000,2.0,0.5,2.0,motorway1_rankup_1,more_lanes_heavier,,,,,,,8.17
"Karlsruhe, Germany",motorway1_rankup_1,more_lanes_heavier,6,66,579356.0,54483826,2.0,1.0,0.5,0.0106
2025-08-18T16:40:31,"Karlsruhe, Germany",6,5000,2.0,1.0,0.5,motorway1_rankup_1,more_lanes_heavier,,,,,,,7.64
"Karlsruhe, Germany",motorway1_rankup_1,more_lanes_heavier,6,62,581798.0,55424636,2.0,1.0,1.0,0.0105
2025-08-18T16:40:38,"Karlsruhe, Germany",6,5000,2.0,1.0,1.0,motorway1_rankup_1,more_lanes_heavier,,,,,,,7.57
"Karlsruhe, Germany",motorway1_rankup_1,more_lanes_heavier,6,68,648737.0,56279974,2.0,1.0,2.0,0.0115
2025-08-18T16:40:46,"Karlsruhe, Germany",6,5000,2.0,1.0,2.0,motorway1_rankup_1,more_lanes_heavier,,,,,,,7.88
"Karlsruhe, Germany",motorway1_rankup_1,more_lanes_heavier,6,68,652866.0,55221508,2.0,2.0,0.5,0.0118
2025-08-18T16:40:54,"Karlsruhe, Germany",6,5000,2.0,2.0,0.5,motorway1_rankup_1,more_lanes_heavier,,,,,,,7.69
"Karlsruhe, Germany",motorway1_rankup_1,more_lanes_heavier,6,63,618676.0,55916426,2.0,2.0,1.0,0.0111
2025-08-18T16:41:01,"Karlsruhe, Germany",6,5000,2.0,2.0,1.0,motorway1_rankup_1,more_lanes_heavier,,,,,,,7.71
"Karlsruhe, Germany",motorway1_rankup_1,more_lanes_heavier,6,63,611525.0,56438229,2.0,2.0,2.0,0.0108
2025-08-18T16:41:09,"Karlsruhe, Germany",6,5000,2.0,2.0,2.0,motorway1_rankup_1,more_lanes_heavier,,,,,,,7.57
"Karlsruhe, Germany",motorway1_rankup_1,less_lanes_heavier,6,55,200428.0,28232197,0.5,0.5,0.5,0.0071
2025-08-18T16:41:17,"Karlsruhe, Germany",6,5000,0.5,0.5,0.5,motorway1_rankup_1,less_lanes_heavier,,,,,,,7.79
"Karlsruhe, Germany",motorway1_rankup_1,less_lanes_heavier,6,62,282759.0,39377033,0.5,0.5,1.0,0.0072
2025-08-18T16:41:25,"Karlsruhe, Germany",6,5000,0.5,0.5,1.0,motorway1_rankup_1,less_lanes_heavier,,,,,,,8.08
"Karlsruhe, Germany",motorway1_rankup_1,less_lanes_heavier,6,70,489750.0,53867170,0.5,0.5,2.0,0.0091
2025-08-18T16:41:32,"Karlsruhe, Germany",6,5000,0.5,0.5,2.0,motorway1_rankup_1,less_lanes_heavier,,,,,,,7.61
"Karlsruhe, Germany",motorway1_rankup_1,less_lanes_heavier,6,70,265779.0,30735658,0.5,1.0,0.5,0.0086
2025-08-18T16:41:40,"Karlsruhe, Germany",6,5000,0.5,1.0,0.5,motorway1_rankup_1,less_lanes_heavier,,,,,,,7.42
"Karlsruhe, Germany",motorway1_rankup_1,less_lanes_heavier,6,60,297213.0,41869041,0.5,1.0,1.0,0.0071
2025-08-18T16:41:48,"Karlsruhe, Germany",6,5000,0.5,1.0,1.0,motorway1_rankup_1,less_lanes_heavier,,,,,,,7.67
"Karlsruhe, Germany",motorway1_rankup_1,less_lanes_heavier,6,59,426244.0,54372597,0.5,1.0,2.0,0.0078
2025-08-18T16:41:55,"Karlsruhe, Germany",6,5000,0.5,1.0,2.0,motorway1_rankup_1,less_lanes_heavier,,,,,,,7.71
"Karlsruhe, Germany",motorway1_rankup_1,less_lanes_heavier,6,60,280111.0,35742547,0.5,2.0,0.5,0.0078
2025-08-18T16:42:03,"Karlsruhe, Germany",6,5000,0.5,2.0,0.5,motorway1_rankup_1,less_lanes_heavier,,,,,,,7.74
"Karlsruhe, Germany",motorway1_rankup_1,less_lanes_heavier,6,61,353441.0,46792569,0.5,2.0,1.0,0.0076
2025-08-18T16:42:11,"Karlsruhe, Germany",6,5000,0.5,2.0,1.0,motorway1_rankup_1,less_lanes_heavier,,,,,,,7.74
"Karlsruhe, Germany",motorway1_rankup_1,less_lanes_heavier,6,68,509480.0,55094538,0.5,2.0,2.0,0.0092
2025-08-18T16:42:18,"Karlsruhe, Germany",6,5000,0.5,2.0,2.0,motorway1_rankup_1,less_lanes_heavier,,,,,,,7.71
"Karlsruhe, Germany",motorway1_rankup_1,less_lanes_heavier,6,59,322016.0,42624481,1.0,0.5,0.5,0.0076
2025-08-18T16:42:27,"Karlsruhe, Germany",6,5000,1.0,0.5,0.5,motorway1_rankup_1,less_lanes_heavier,,,,,,,8.18
"Karlsruhe, Germany",motorway1_rankup_1,less_lanes_heavier,6,61,402345.0,51269203,1.0,0.5,1.0,0.0078
2025-08-18T16:42:34,"Karlsruhe, Germany",6,5000,1.0,0.5,1.0,motorway1_rankup_1,less_lanes_heavier,,,,,,,7.72
"Karlsruhe, Germany",motorway1_rankup_1,less_lanes_heavier,6,67,514565.0,55425761,1.0,0.5,2.0,0.0093
2025-08-18T16:42:42,"Karlsruhe, Germany",6,5000,1.0,0.5,2.0,motorway1_rankup_1,less_lanes_heavier,,,,,,,7.75
"Karlsruhe, Germany",motorway1_rankup_1,less_lanes_heavier,6,62,365221.0,45030171,1.0,1.0,0.5,0.0081
2025-08-18T16:42:50,"Karlsruhe, Germany",6,5000,1.0,1.0,0.5,motorway1_rankup_1,less_lanes_heavier,,,,,,,7.66
"Karlsruhe, Germany",motorway1_rankup_1,less_lanes_heavier,6,61,419248.0,52246694,1.0,1.0,1.0,0.0080
2025-08-18T16:42:58,"Karlsruhe, Germany",6,5000,1.0,1.0,1.0,motorway1_rankup_1,less_lanes_heavier,,,,,,,8.01
"Karlsruhe, Germany",motorway1_rankup_1,less_lanes_heavier,6,62,507079.0,55610325,1.0,1.0,2.0,0.0091
2025-08-18T16:43:05,"Karlsruhe, Germany",6,5000,1.0,1.0,2.0,motorway1_rankup_1,less_lanes_heavier,,,,,,,7.70
"Karlsruhe, Germany",motorway1_rankup_1,less_lanes_heavier,6,61,398509.0,49311933,1.0,2.0,0.5,0.0081
2025-08-18T16:43:13,"Karlsruhe, Germany",6,5000,1.0,2.0,0.5,motorway1_rankup_1,less_lanes_heavier,,,,,,,7.66
"Karlsruhe, Germany",motorway1_rankup_1,less_lanes_heavier,6,67,508301.0,53648552,1.0,2.0,1.0,0.0095
2025-08-18T16:43:21,"Karlsruhe, Germany",6,5000,1.0,2.0,1.0,motorway1_rankup_1,less_lanes_heavier,,,,,,,7.69
"Karlsruhe, Germany",motorway1_rankup_1,less_lanes_heavier,6,56,506529.0,55900623,1.0,2.0,2.0,0.0091
2025-08-18T16:43:29,"Karlsruhe, Germany",6,5000,1.0,2.0,2.0,motorway1_rankup_1,less_lanes_heavier,,,,,,,8.23
"Karlsruhe, Germany",motorway1_rankup_1,less_lanes_heavier,6,61,516045.0,53520861,2.0,0.5,0.5,0.0096
2025-08-18T16:43:37,"Karlsruhe, Germany",6,5000,2.0,0.5,0.5,motorway1_rankup_1,less_lanes_heavier,,,,,,,7.66
"Karlsruhe, Germany",motorway1_rankup_1,less_lanes_heavier,6,60,535034.0,54920606,2.0,0.5,1.0,0.0097
2025-08-18T16:43:44,"Karlsruhe, Germany",6,5000,2.0,0.5,1.0,motorway1_rankup_1,less_lanes_heavier,,,,,,,7.70
"Karlsruhe, Germany",motorway1_rankup_1,less_lanes_heavier,6,66,619267.0,56130009,2.0,0.5,2.0,0.0110
2025-08-18T16:43:52,"Karlsruhe, Germany",6,5000,2.0,0.5,2.0,motorway1_rankup_1,less_lanes_heavier,,,,,,,7.65
"Karlsruhe, Germany",motorway1_rankup_1,less_lanes_heavier,6,69,561191.0,53869194,2.0,1.0,0.5,0.0104
2025-08-18T16:44:00,"Karlsruhe, Germany",6,5000,2.0,1.0,0.5,motorway1_rankup_1,less_lanes_heavier,,,,,,,7.80
"Karlsruhe, Germany",motorway1_rankup_1,less_lanes_heavier,6,65,603424.0,55150222,2.0,1.0,1.0,0.0109
2025-08-18T16:44:08,"Karlsruhe, Germany",6,5000,2.0,1.0,1.0,motorway1_rankup_1,less_lanes_heavier,,,,,,,7.77
"Karlsruhe, Germany",motorway1_rankup_1,less_lanes_heavier,6,58,558206.0,56203039,2.0,1.0,2.0,0.0099
2025-08-18T16:44:15,"Karlsruhe, Germany",6,5000,2.0,1.0,2.0,motorway1_rankup_1,less_lanes_heavier,,,,,,,7.72
"Karlsruhe, Germany",motorway1_rankup_1,less_lanes_heavier,6,59,525241.0,54509781,2.0,2.0,0.5,0.0096
2025-08-18T16:44:23,"Karlsruhe, Germany",6,5000,2.0,2.0,0.5,motorway1_rankup_1,less_lanes_heavier,,,,,,,7.77
"Karlsruhe, Germany",motorway1_rankup_1,less_lanes_heavier,6,61,568754.0,55565144,2.0,2.0,1.0,0.0102
2025-08-18T16:44:31,"Karlsruhe, Germany",6,5000,2.0,2.0,1.0,motorway1_rankup_1,less_lanes_heavier,,,,,,,8.25
"Karlsruhe, Germany",motorway1_rankup_1,less_lanes_heavier,6,75,717334.0,56331072,2.0,2.0,2.0,0.0127
2025-08-18T16:44:39,"Karlsruhe, Germany",6,5000,2.0,2.0,2.0,motorway1_rankup_1,less_lanes_heavier,,,,,,,7.71
"Karlsruhe, Germany",motorway1_rankdown_1,all_1,6,68,115145.0,15111057,0.5,0.5,0.5,0.0076
2025-08-18T16:44:47,"Karlsruhe, Germany",6,5000,0.5,0.5,0.5,motorway1_rankdown_1,all_1,,,,,,,7.74
"Karlsruhe, Germany",motorway1_rankdown_1,all_1,6,61,157313.0,26255882,0.5,0.5,1.0,0.0060
2025-08-18T16:44:55,"Karlsruhe, Germany",6,5000,0.5,0.5,1.0,motorway1_rankdown_1,all_1,,,,,,,7.65
"Karlsruhe, Germany",motorway1_rankdown_1,all_1,6,68,318430.0,48069118,0.5,0.5,2.0,0.0066
2025-08-18T16:45:02,"Karlsruhe, Germany",6,5000,0.5,0.5,2.0,motorway1_rankdown_1,all_1,,,,,,,7.81
"Karlsruhe, Germany",motorway1_rankdown_1,all_1,6,69,161289.0,17942057,0.5,1.0,0.5,0.0090
2025-08-18T16:45:10,"Karlsruhe, Germany",6,5000,0.5,1.0,0.5,motorway1_rankdown_1,all_1,,,,,,,7.75
"Karlsruhe, Germany",motorway1_rankdown_1,all_1,6,63,200172.0,29086882,0.5,1.0,1.0,0.0069
2025-08-18T16:45:18,"Karlsruhe, Germany",6,5000,0.5,1.0,1.0,motorway1_rankdown_1,all_1,,,,,,,7.62
"Karlsruhe, Germany",motorway1_rankdown_1,all_1,6,60,325873.0,50031305,0.5,1.0,2.0,0.0065
2025-08-18T16:45:25,"Karlsruhe, Germany",6,5000,0.5,1.0,2.0,motorway1_rankdown_1,all_1,,,,,,,7.73
"Karlsruhe, Germany",motorway1_rankdown_1,all_1,6,60,201098.0,23604057,0.5,2.0,0.5,0.0085
2025-08-18T16:45:34,"Karlsruhe, Germany",6,5000,0.5,2.0,0.5,motorway1_rankdown_1,all_1,,,,,,,8.24
"Karlsruhe, Germany",motorway1_rankdown_1,all_1,6,60,254706.0,34748882,0.5,2.0,1.0,0.0073
2025-08-18T16:45:41,"Karlsruhe, Germany",6,5000,0.5,2.0,1.0,motorway1_rankdown_1,all_1,,,,,,,7.71
"Karlsruhe, Germany",motorway1_rankdown_1,all_1,6,58,346558.0,52815711,0.5,2.0,2.0,0.0066
2025-08-18T16:45:49,"Karlsruhe, Germany",6,5000,0.5,2.0,2.0,motorway1_rankdown_1,all_1,,,,,,,7.69
"Karlsruhe, Germany",motorway1_rankdown_1,all_1,6,61,132193.0,16246357,1.0,0.5,0.5,0.0081
2025-08-18T16:45:57,"Karlsruhe, Germany",6,5000,1.0,0.5,0.5,motorway1_rankdown_1,all_1,,,,,,,7.81
"Karlsruhe, Germany",motorway1_rankdown_1,all_1,6,63,196151.0,27391182,1.0,0.5,1.0,0.0072
2025-08-18T16:46:05,"Karlsruhe, Germany",6,5000,1.0,0.5,1.0,motorway1_rankdown_1,all_1,,,,,,,7.78
"Karlsruhe, Germany",motorway1_rankdown_1,all_1,6,60,288907.0,48841637,1.0,0.5,2.0,0.0059
2025-08-18T16:46:12,"Karlsruhe, Germany",6,5000,1.0,0.5,2.0,motorway1_rankdown_1,all_1,,,,,,,7.61
"Karlsruhe, Germany",motorway1_rankdown_1,all_1,6,62,170261.0,19077357,1.0,1.0,0.5,0.0089
2025-08-18T16:46:20,"Karlsruhe, Germany",6,5000,1.0,1.0,0.5,motorway1_rankdown_1,all_1,,,,,,,7.80
"Karlsruhe, Germany",motorway1_rankdown_1,all_1,6,58,219321.0,30222182,1.0,1.0,1.0,0.0073
2025-08-18T16:46:28,"Karlsruhe, Germany",6,5000,1.0,1.0,1.0,motorway1_rankdown_1,all_1,,,,,,,7.78
"Karlsruhe, Germany",motorway1_rankdown_1,all_1,6,60,307369.0,50669682,1.0,1.0,2.0,0.0061
2025-08-18T16:46:36,"Karlsruhe, Germany",6,5000,1.0,1.0,2.0,motorway1_rankdown_1,all_1,,,,,,,8.28
"Karlsruhe, Germany",motorway1_rankdown_1,all_1,6,66,249752.0,24739357,1.0,2.0,0.5,0.0101
2025-08-18T16:46:44,"Karlsruhe, Germany",6,5000,1.0,2.0,0.5,motorway1_rankdown_1,all_1,,,,,,,7.67
"Karlsruhe, Germany",motorway1_rankdown_1,all_1,6,58,274719.0,35884182,1.0,2.0,1.0,0.0077
2025-08-18T16:46:52,"Karlsruhe, Germany",6,5000,1.0,2.0,1.0,motorway1_rankdown_1,all_1,,,,,,,7.75
"Karlsruhe, Germany",motorway1_rankdown_1,all_1,6,61,408862.0,53212425,1.0,2.0,2.0,0.0077
2025-08-18T16:46:59,"Karlsruhe, Germany",6,5000,1.0,2.0,2.0,motorway1_rankdown_1,all_1,,,,,,,7.80
"Karlsruhe, Germany",motorway1_rankdown_1,all_1,6,63,167060.0,18516957,2.0,0.5,0.5,0.0090
2025-08-18T16:47:07,"Karlsruhe, Germany",6,5000,2.0,0.5,0.5,motorway1_rankdown_1,all_1,,,,,,,7.71
"Karlsruhe, Germany",motorway1_rankdown_1,all_1,6,64,212564.0,29661782,2.0,0.5,1.0,0.0072
2025-08-18T16:47:15,"Karlsruhe, Germany",6,5000,2.0,0.5,1.0,motorway1_rankdown_1,all_1,,,,,,,7.72
"Karlsruhe, Germany",motorway1_rankdown_1,all_1,6,66,364906.0,50212785,2.0,0.5,2.0,0.0073
2025-08-18T16:47:23,"Karlsruhe, Germany",6,5000,2.0,0.5,2.0,motorway1_rankdown_1,all_1,,,,,,,7.84
"Karlsruhe, Germany",motorway1_rankdown_1,all_1,6,62,183633.0,21347957,2.0,1.0,0.5,0.0086
2025-08-18T16:47:30,"Karlsruhe, Germany",6,5000,2.0,1.0,0.5,motorway1_rankdown_1,all_1,,,,,,,7.71
"Karlsruhe, Germany",motorway1_rankdown_1,all_1,6,63,252011.0,32492782,2.0,1.0,1.0,0.0078
2025-08-18T16:47:39,"Karlsruhe, Germany",6,5000,2.0,1.0,1.0,motorway1_rankdown_1,all_1,,,,,,,8.23
"Karlsruhe, Germany",motorway1_rankdown_1,all_1,6,64,407731.0,51800212,2.0,1.0,2.0,0.0079
2025-08-18T16:47:46,"Karlsruhe, Germany",6,5000,2.0,1.0,2.0,motorway1_rankdown_1,all_1,,,,,,,7.73
"Karlsruhe, Germany",motorway1_rankdown_1,all_1,6,63,264563.0,27009957,2.0,2.0,0.5,0.0098
2025-08-18T16:47:54,"Karlsruhe, Germany",6,5000,2.0,2.0,0.5,motorway1_rankdown_1,all_1,,,,,,,7.79
"Karlsruhe, Germany",motorway1_rankdown_1,all_1,6,58,286069.0,38154782,2.0,2.0,1.0,0.0075
2025-08-18T16:48:02,"Karlsruhe, Germany",6,5000,2.0,2.0,1.0,motorway1_rankdown_1,all_1,,,,,,,7.81
"Karlsruhe, Germany",motorway1_rankdown_1,all_1,6,66,467283.0,53892494,2.0,2.0,2.0,0.0087
2025-08-18T16:48:10,"Karlsruhe, Germany",6,5000,2.0,2.0,2.0,motorway1_rankdown_1,all_1,,,,,,,7.69
"Karlsruhe, Germany",motorway1_rankdown_1,more_lanes_heavier,6,62,110361.0,15886057,0.5,0.5,0.5,0.0069
2025-08-18T16:48:17,"Karlsruhe, Germany",6,5000,0.5,0.5,0.5,motorway1_rankdown_1,more_lanes_heavier,,,,,,,7.65
"Karlsruhe, Germany",motorway1_rankdown_1,more_lanes_heavier,6,61,166788.0,27030882,0.5,0.5,1.0,0.0062
2025-08-18T16:48:25,"Karlsruhe, Germany",6,5000,0.5,0.5,1.0,motorway1_rankdown_1,more_lanes_heavier,,,,,,,7.75
"Karlsruhe, Germany",motorway1_rankdown_1,more_lanes_heavier,6,64,283161.0,48432265,0.5,0.5,2.0,0.0058
2025-08-18T16:48:33,"Karlsruhe, Germany",6,5000,0.5,0.5,2.0,motorway1_rankdown_1,more_lanes_heavier,,,,,,,7.66
"Karlsruhe, Germany",motorway1_rankdown_1,more_lanes_heavier,6,66,162971.0,19492057,0.5,1.0,0.5,0.0084
2025-08-18T16:48:41,"Karlsruhe, Germany",6,5000,0.5,1.0,0.5,motorway1_rankdown_1,more_lanes_heavier,,,,,,,8.28
"Karlsruhe, Germany",motorway1_rankdown_1,more_lanes_heavier,6,63,202564.0,30636882,0.5,1.0,1.0,0.0066
2025-08-18T16:48:49,"Karlsruhe, Germany",6,5000,0.5,1.0,1.0,motorway1_rankdown_1,more_lanes_heavier,,,,,,,7.70
"Karlsruhe, Germany",motorway1_rankdown_1,more_lanes_heavier,6,62,310283.0,50530246,0.5,1.0,2.0,0.0061
2025-08-18T16:48:56,"Karlsruhe, Germany",6,5000,0.5,1.0,2.0,motorway1_rankdown_1,more_lanes_heavier,,,,,,,7.76
"Karlsruhe, Germany",motorway1_rankdown_1,more_lanes_heavier,6,64,227794.0,26675069,0.5,2.0,0.5,0.0085
2025-08-18T16:49:04,"Karlsruhe, Germany",6,5000,0.5,2.0,0.5,motorway1_rankdown_1,more_lanes_heavier,,,,,,,7.65
"Karlsruhe, Germany",motorway1_rankdown_1,more_lanes_heavier,6,62,276613.0,37538220,0.5,2.0,1.0,0.0074
2025-08-18T16:49:12,"Karlsruhe, Germany",6,5000,0.5,2.0,1.0,motorway1_rankdown_1,more_lanes_heavier,,,,,,,7.70
"Karlsruhe, Germany",motorway1_rankdown_1,more_lanes_heavier,6,61,375318.0,53318426,0.5,2.0,2.0,0.0070
2025-08-18T16:49:20,"Karlsruhe, Germany",6,5000,0.5,2.0,2.0,motorway1_rankdown_1,more_lanes_heavier,,,,,,,7.76
"Karlsruhe, Germany",motorway1_rankdown_1,more_lanes_heavier,6,65,139597.0,17021357,1.0,0.5,0.5,0.0082
2025-08-18T16:49:27,"Karlsruhe, Germany",6,5000,1.0,0.5,0.5,motorway1_rankdown_1,more_lanes_heavier,,,,,,,7.79
"Karlsruhe, Germany",motorway1_rankdown_1,more_lanes_heavier,6,61,176038.0,28166182,1.0,0.5,1.0,0.0062
2025-08-18T16:49:35,"Karlsruhe, Germany",6,5000,1.0,0.5,1.0,motorway1_rankdown_1,more_lanes_heavier,,,,,,,7.78
"Karlsruhe, Germany",motorway1_rankdown_1,more_lanes_heavier,6,59,282715.0,49163108,1.0,0.5,2.0,0.0058
2025-08-18T16:49:44,"Karlsruhe, Germany",6,5000,1.0,0.5,2.0,motorway1_rankdown_1,more_lanes_heavier,,,,,,,8.35
"Karlsruhe, Germany",motorway1_rankdown_1,more_lanes_heavier,6,65,175623.0,20627357,1.0,1.0,0.5,0.0085
2025-08-18T16:49:51,"Karlsruhe, Germany",6,5000,1.0,1.0,0.5,motorway1_rankdown_1,more_lanes_heavier,,,,,,,7.67
"Karlsruhe, Germany",motorway1_rankdown_1,more_lanes_heavier,6,68,263505.0,31771928,1.0,1.0,1.0,0.0083
2025-08-18T16:49:59,"Karlsruhe, Germany",6,5000,1.0,1.0,1.0,motorway1_rankdown_1,more_lanes_heavier,,,,,,,7.60
"Karlsruhe, Germany",motorway1_rankdown_1,more_lanes_heavier,6,61,327695.0,51118003,1.0,1.0,2.0,0.0064
2025-08-18T16:50:07,"Karlsruhe, Germany",6,5000,1.0,1.0,2.0,motorway1_rankdown_1,more_lanes_heavier,,,,,,,7.77
"Karlsruhe, Germany",motorway1_rankdown_1,more_lanes_heavier,6,62,237522.0,27798283,1.0,2.0,0.5,0.0085
2025-08-18T16:50:14,"Karlsruhe, Germany",6,5000,1.0,2.0,0.5,motorway1_rankdown_1,more_lanes_heavier,,,,,,,7.77
"Karlsruhe, Germany",motorway1_rankdown_1,more_lanes_heavier,6,68,354951.0,38606705,1.0,2.0,1.0,0.0092
2025-08-18T16:50:22,"Karlsruhe, Germany",6,5000,1.0,2.0,1.0,motorway1_rankdown_1,more_lanes_heavier,,,,,,,7.69
"Karlsruhe, Germany",motorway1_rankdown_1,more_lanes_heavier,6,69,467301.0,53663256,1.0,2.0,2.0,0.0087
2025-08-18T16:50:30,"Karlsruhe, Germany",6,5000,1.0,2.0,2.0,motorway1_rankdown_1,more_lanes_heavier,,,,,,,7.64
"Karlsruhe, Germany",motorway1_rankdown_1,more_lanes_heavier,6,60,163503.0,19291957,2.0,0.5,0.5,0.0085
2025-08-18T16:50:38,"Karlsruhe, Germany",6,5000,2.0,0.5,0.5,motorway1_rankdown_1,more_lanes_heavier,,,,,,,7.92
"Karlsruhe, Germany",motorway1_rankdown_1,more_lanes_heavier,6,63,222380.0,30436782,2.0,0.5,1.0,0.0073
2025-08-18T16:50:46,"Karlsruhe, Germany",6,5000,2.0,0.5,1.0,motorway1_rankdown_1,more_lanes_heavier,,,,,,,8.31
"Karlsruhe, Germany",motorway1_rankdown_1,more_lanes_heavier,6,67,377868.0,50477267,2.0,0.5,2.0,0.0075
2025-08-18T16:50:54,"Karlsruhe, Germany",6,5000,2.0,0.5,2.0,motorway1_rankdown_1,more_lanes_heavier,,,,,,,7.75
"Karlsruhe, Germany",motorway1_rankdown_1,more_lanes_heavier,6,67,215083.0,22897957,2.0,1.0,0.5,0.0094
2025-08-18T16:51:02,"Karlsruhe, Germany",6,5000,2.0,1.0,0.5,motorway1_rankdown_1,more_lanes_heavier,,,,,,,7.84
"Karlsruhe, Germany",motorway1_rankdown_1,more_lanes_heavier,6,59,242221.0,34038959,2.0,1.0,1.0,0.0071
2025-08-18T16:51:09,"Karlsruhe, Germany",6,5000,2.0,1.0,1.0,motorway1_rankdown_1,more_lanes_heavier,,,,,,,7.77
"Karlsruhe, Germany",motorway1_rankdown_1,more_lanes_heavier,6,63,414327.0,52152908,2.0,1.0,2.0,0.0079
2025-08-18T16:51:17,"Karlsruhe, Germany",6,5000,2.0,1.0,2.0,motorway1_rankdown_1,more_lanes_heavier,,,,,,,7.61
"Karlsruhe, Germany",motorway1_rankdown_1,more_lanes_heavier,6,59,257495.0,30040281,2.0,2.0,0.5,0.0086
2025-08-18T16:51:25,"Karlsruhe, Germany",6,5000,2.0,2.0,0.5,motorway1_rankdown_1,more_lanes_heavier,,,,,,,7.78
"Karlsruhe, Germany",motorway1_rankdown_1,more_lanes_heavier,6,64,341904.0,40704937,2.0,2.0,1.0,0.0084
2025-08-18T16:51:32,"Karlsruhe, Germany",6,5000,2.0,2.0,1.0,motorway1_rankdown_1,more_lanes_heavier,,,,,,,7.75
"Karlsruhe, Germany",motorway1_rankdown_1,more_lanes_heavier,6,61,429468.0,54264714,2.0,2.0,2.0,0.0079
2025-08-18T16:51:40,"Karlsruhe, Germany",6,5000,2.0,2.0,2.0,motorway1_rankdown_1,more_lanes_heavier,,,,,,,7.76
"Karlsruhe, Germany",motorway1_rankdown_1,less_lanes_heavier,6,60,96970.0,14783497,0.5,0.5,0.5,0.0066
2025-08-18T16:51:48,"Karlsruhe, Germany",6,5000,0.5,0.5,0.5,motorway1_rankdown_1,less_lanes_heavier,,,,,,,8.23
"Karlsruhe, Germany",motorway1_rankdown_1,less_lanes_heavier,6,60,156537.0,25928333,0.5,0.5,1.0,0.0060
2025-08-18T16:51:56,"Karlsruhe, Germany",6,5000,0.5,0.5,1.0,motorway1_rankdown_1,less_lanes_heavier,,,,,,,7.66
"Karlsruhe, Germany",motorway1_rankdown_1,less_lanes_heavier,6,61,264029.0,47849759,0.5,0.5,2.0,0.0055
2025-08-18T16:52:04,"Karlsruhe, Germany",6,5000,0.5,0.5,2.0,motorway1_rankdown_1,less_lanes_heavier,,,,,,,7.67
"Karlsruhe, Germany",motorway1_rankdown_1,less_lanes_heavier,6,60,130138.0,17286958,0.5,1.0,0.5,0.0075
2025-08-18T16:52:12,"Karlsruhe, Germany",6,5000,0.5,1.0,0.5,motorway1_rankdown_1,less_lanes_heavier,,,,,,,7.70
"Karlsruhe, Germany",motorway1_rankdown_1,less_lanes_heavier,6,65,197280.0,28431782,0.5,1.0,1.0,0.0069
2025-08-18T16:52:19,"Karlsruhe, Germany",6,5000,0.5,1.0,1.0,motorway1_rankdown_1,less_lanes_heavier,,,,,,,7.66
"Karlsruhe, Germany",motorway1_rankdown_1,less_lanes_heavier,6,62,299335.0,49685762,0.5,1.0,2.0,0.0060
2025-08-18T16:52:27,"Karlsruhe, Germany",6,5000,0.5,1.0,2.0,motorway1_rankdown_1,less_lanes_heavier,,,,,,,7.60
"Karlsruhe, Germany",motorway1_rankdown_1,less_lanes_heavier,6,58,175730.0,22293847,0.5,2.0,0.5,0.0079
2025-08-18T16:52:35,"Karlsruhe, Germany",6,5000,0.5,2.0,0.5,motorway1_rankdown_1,less_lanes_heavier,,,,,,,7.74
"Karlsruhe, Germany",motorway1_rankdown_1,less_lanes_heavier,6,65,244124.0,33438683,0.5,2.0,1.0,0.0073
2025-08-18T16:52:42,"Karlsruhe, Germany",6,5000,0.5,2.0,1.0,motorway1_rankdown_1,less_lanes_heavier,,,,,,,7.73
"Karlsruhe, Germany",motorway1_rankdown_1,less_lanes_heavier,6,65,371726.0,52334535,0.5,2.0,2.0,0.0071
2025-08-18T16:52:50,"Karlsruhe, Germany",6,5000,0.5,2.0,2.0,motorway1_rankdown_1,less_lanes_heavier,,,,,,,8.18
"Karlsruhe, Germany",motorway1_rankdown_1,less_lanes_heavier,6,71,139202.0,15918797,1.0,0.5,0.5,0.0087
2025-08-18T16:52:58,"Karlsruhe, Germany",6,5000,1.0,0.5,0.5,motorway1_rankdown_1,less_lanes_heavier,,,,,,,7.81
"Karlsruhe, Germany",motorway1_rankdown_1,less_lanes_heavier,6,65,178833.0,27063633,1.0,0.5,1.0,0.0066
2025-08-18T16:53:06,"Karlsruhe, Germany",6,5000,1.0,0.5,1.0,motorway1_rankdown_1,less_lanes_heavier,,,,,,,7.70
"Karlsruhe, Germany",motorway1_rankdown_1,less_lanes_heavier,6,60,279611.0,48658064,1.0,0.5,2.0,0.0057
2025-08-18T16:53:14,"Karlsruhe, Germany",6,5000,1.0,0.5,2.0,motorway1_rankdown_1,less_lanes_heavier,,,,,,,7.76
"Karlsruhe, Germany",motorway1_rankdown_1,less_lanes_heavier,6,56,138686.0,18422258,1.0,1.0,0.5,0.0075
2025-08-18T16:53:21,"Karlsruhe, Germany",6,5000,1.0,1.0,0.5,motorway1_rankdown_1,less_lanes_heavier,,,,,,,7.72
"Karlsruhe, Germany",motorway1_rankdown_1,less_lanes_heavier,6,58,208905.0,29567082,1.0,1.0,1.0,0.0071
2025-08-18T16:53:29,"Karlsruhe, Germany",6,5000,1.0,1.0,1.0,motorway1_rankdown_1,less_lanes_heavier,,,,,,,7.75
"Karlsruhe, Germany",motorway1_rankdown_1,less_lanes_heavier,6,65,333904.0,50367024,1.0,1.0,2.0,0.0066
2025-08-18T16:53:37,"Karlsruhe, Germany",6,5000,1.0,1.0,2.0,motorway1_rankdown_1,less_lanes_heavier,,,,,,,7.71
"Karlsruhe, Germany",motorway1_rankdown_1,less_lanes_heavier,6,60,192206.0,23429147,1.0,2.0,0.5,0.0082
2025-08-18T16:53:45,"Karlsruhe, Germany",6,5000,1.0,2.0,0.5,motorway1_rankdown_1,less_lanes_heavier,,,,,,,7.78
"Karlsruhe, Germany",motorway1_rankdown_1,less_lanes_heavier,6,68,271978.0,34573983,1.0,2.0,1.0,0.0079
2025-08-18T16:53:53,"Karlsruhe, Germany",6,5000,1.0,2.0,1.0,motorway1_rankdown_1,less_lanes_heavier,,,,,,,8.31
"Karlsruhe, Germany",motorway1_rankdown_1,less_lanes_heavier,6,64,401633.0,52782895,1.0,2.0,2.0,0.0076
2025-08-18T16:54:01,"Karlsruhe, Germany",6,5000,1.0,2.0,2.0,motorway1_rankdown_1,less_lanes_heavier,,,,,,,7.72
"Karlsruhe, Germany",motorway1_rankdown_1,less_lanes_heavier,6,70,168560.0,18189397,2.0,0.5,0.5,0.0093
2025-08-18T16:54:08,"Karlsruhe, Germany",6,5000,2.0,0.5,0.5,motorway1_rankdown_1,less_lanes_heavier,,,,,,,7.75
"Karlsruhe, Germany",motorway1_rankdown_1,less_lanes_heavier,6,62,213633.0,29334233,2.0,0.5,1.0,0.0073
2025-08-18T16:54:16,"Karlsruhe, Germany",6,5000,2.0,0.5,1.0,motorway1_rankdown_1,less_lanes_heavier,,,,,,,7.72
"Karlsruhe, Germany",motorway1_rankdown_1,less_lanes_heavier,6,64,338098.0,50070455,2.0,0.5,2.0,0.0068
2025-08-18T16:54:24,"Karlsruhe, Germany",6,5000,2.0,0.5,2.0,motorway1_rankdown_1,less_lanes_heavier,,,,,,,7.71
"Karlsruhe, Germany",motorway1_rankdown_1,less_lanes_heavier,6,62,176957.0,20692858,2.0,1.0,0.5,0.0086
2025-08-18T16:54:32,"Karlsruhe, Germany",6,5000,2.0,1.0,0.5,motorway1_rankdown_1,less_lanes_heavier,,,,,,,7.75
"Karlsruhe, Germany",motorway1_rankdown_1,less_lanes_heavier,6,65,247345.0,31837682,2.0,1.0,1.0,0.0078
2025-08-18T16:54:39,"Karlsruhe, Germany",6,5000,2.0,1.0,1.0,motorway1_rankdown_1,less_lanes_heavier,,,,,,,7.80
"Karlsruhe, Germany",motorway1_rankdown_1,less_lanes_heavier,6,64,375247.0,51555363,2.0,1.0,2.0,0.0073
2025-08-18T16:54:47,"Karlsruhe, Germany",6,5000,2.0,1.0,2.0,motorway1_rankdown_1,less_lanes_heavier,,,,,,,7.72
"Karlsruhe, Germany",motorway1_rankdown_1,less_lanes_heavier,6,61,214676.0,25699747,2.0,2.0,0.5,0.0084
2025-08-18T16:54:55,"Karlsruhe, Germany",6,5000,2.0,2.0,0.5,motorway1_rankdown_1,less_lanes_heavier,,,,,,,8.16
"Karlsruhe, Germany",motorway1_rankdown_1,less_lanes_heavier,6,59,297371.0,36844583,2.0,2.0,1.0,0.0081
2025-08-18T16:55:03,"Karlsruhe, Germany",6,5000,2.0,2.0,1.0,motorway1_rankdown_1,less_lanes_heavier,,,,,,,7.75
"Karlsruhe, Germany",motorway1_rankdown_1,less_lanes_heavier,6,63,400164.0,53556598,2.0,2.0,2.0,0.0075
2025-08-18T16:55:11,"Karlsruhe, Germany",6,5000,2.0,2.0,2.0,motorway1_rankdown_1,less_lanes_heavier,,,,,,,7.74
